Year,Location,Population 1 year and over,,Percent_Change,,Same house 1 year ago,,Same state of residence 1 year ago,,Different state of residence 1 year ago,,,,Current residence in --,Different state of residence 1 year ago (continued),,,,,,,,,,Current residence in --,Different state of residence 1 year ago (continued),,,,,,,,,,Current residence in --,Different state of residence 1 year ago (continued),,,,,,,,,,Current residence in --,Different state of residence 1 year ago (continued),,,,,,,,,,Current residence in --,Different state of residence 1 year ago (continued),,,,,,,,,,Current residence in --,Different state of residence 1 year ago (continued),,,,,,,,,,Current residence in --,Different state of residence 1 year ago (continued),,,,,,,,,,Current residence in --,Different state of residence 1 year ago (continued),,,,,,,,,,Current residence in --,Different state of residence 1 year ago (continued),,,,,,,,,,Current residence in --,Different state of residence 1 year ago (continued),,,,,,,,,,Current residence in --,Abroad 1 year ago--,,,,,,,
2011,United States,"307,900,319","302,423,391",55.22,"+/- 29,996","261,087,925","+/- 263,315","37,998,701","+/- 233,440","6,987,416","+/- 77,858","106,806","+/- 10,575",United States1,"88,850","+/- 10,161","211,816","+/- 17,644","77,226","+/- 6,899","562,343","+/- 20,646","160,623","+/- 10,427",United States1,"91,295","+/- 7,653","26,631","+/- 3,629","49,732","+/- 4,949","437,202","+/- 19,015","248,892","+/- 13,318",United States1,"61,940","+/- 7,295","57,831","+/- 7,401","269,008","+/- 13,750","143,228","+/- 10,568","74,516","+/- 6,398",United States1,"94,180","+/- 10,699","99,256","+/- 7,329","86,593","+/- 8,952","33,729","+/- 4,154","165,041","+/- 11,278",United States1,"145,869","+/- 10,414","186,505","+/- 13,304","103,253","+/- 6,978","68,597","+/- 7,559","138,404","+/- 11,145",United States1,"31,204","+/- 4,179","52,809","+/- 6,362","115,943","+/- 8,686","43,277","+/- 4,875","216,369","+/- 12,474",United States1,"61,431","+/- 5,579","377,800","+/- 15,333","225,147","+/- 14,191","26,563","+/- 3,090","206,049","+/- 11,406",United States1,"81,009","+/- 8,616","109,795","+/- 8,590","215,127","+/- 11,482","31,065","+/- 4,192","121,426","+/- 9,952",United States1,"29,383","+/- 4,358","154,243","+/- 9,679","404,839","+/- 17,998","73,211","+/- 7,130","18,172","+/- 2,845",United States1,"229,227","+/- 11,582","190,644","+/- 11,567","45,956","+/- 5,684","105,370","+/- 8,011","31,991","+/- 4,631",United States1,"1,826,277","+/- 39,657","76,218","+/- 8,799","13,131","+/- 3,168","1,736,928","+/- 37,914"
2011,Arizona,"6,402,301","-799,818",-0.11,"+/- 5,660","5,107,496","+/- 39,045","1,028,366","+/- 36,556","222,877","+/- 14,358",833,+/- 587,Arizona,"5,001","+/- 2,214",N/A,N/A,"1,066",+/- 740,"49,635","+/- 8,755","10,189","+/- 2,958",Arizona,"1,875","+/- 1,213",0,+/- 229,389,+/- 389,"3,732","+/- 1,842","2,206","+/- 1,147",Arizona,"2,199","+/- 1,109","2,190","+/- 1,183","10,035","+/- 4,129","5,855","+/- 1,956","4,526","+/- 1,745",Arizona,"1,708",+/- 883,"2,134","+/- 1,257",844,+/- 867,0,+/- 229,"1,918","+/- 1,096",Arizona,743,+/- 430,"9,396","+/- 5,283","3,297","+/- 1,064","1,226","+/- 1,492","3,872","+/- 1,689",Arizona,"2,431","+/- 1,191","1,393",+/- 798,"8,756","+/- 3,417",228,+/- 229,"3,379","+/- 1,757",Arizona,"4,610","+/- 1,448","3,880","+/- 1,363","2,548","+/- 1,269","1,159",+/- 891,"4,682","+/- 2,116",Arizona,"3,219","+/- 1,761","4,613","+/- 1,465","3,436","+/- 1,476",72,+/- 131,"1,774","+/- 1,932",Arizona,"1,657","+/- 1,589","1,680",+/- 647,"12,688","+/- 2,976","10,577","+/- 3,336",0,+/- 229,Arizona,"2,233","+/- 1,094","13,940","+/- 5,479",70,+/- 118,"6,473","+/- 2,066","2,510","+/- 1,288",Arizona,"43,562","+/- 6,373",871,+/- 639,122,+/- 135,"42,569","+/- 6,259"
2011,Colorado,"5,048,443","-15,353,132",-0.75,"+/- 4,037","4,048,042","+/- 22,888","763,233","+/- 18,937","202,124","+/- 11,431","2,340","+/- 1,681",Colorado,"3,191","+/- 1,622","12,338","+/- 3,704","1,615","+/- 1,191","23,234","+/- 3,742",N/A,N/A,Colorado,"1,567",+/- 838,501,+/- 556,298,+/- 301,"8,075","+/- 2,090","3,250","+/- 1,254",Colorado,"1,852",+/- 832,"1,578",+/- 766,"6,027","+/- 1,536","2,116","+/- 1,289","3,510","+/- 1,495",Colorado,"3,718","+/- 1,495","1,361","+/- 1,028",908,+/- 550,"1,358","+/- 1,235","3,303","+/- 1,416",Colorado,"2,157","+/- 1,085","3,225","+/- 1,061","3,055","+/- 1,092",879,+/- 621,"4,552","+/- 1,382",Colorado,"4,079","+/- 1,579","4,582","+/- 1,961","4,061","+/- 1,432",489,+/- 396,"2,863","+/- 1,788",Colorado,"8,797","+/- 2,308","3,998","+/- 1,621","4,756","+/- 1,686","2,249","+/- 1,245","5,527","+/- 2,388",Colorado,"3,824","+/- 2,137","5,543","+/- 2,105","3,348","+/- 1,302",435,+/- 560,718,+/- 480,Colorado,"1,340","+/- 1,037","3,193","+/- 1,472","22,390","+/- 4,287","3,856","+/- 1,446",914,+/- 772,Colorado,"6,281","+/- 2,671","5,524","+/- 2,092",412,+/- 490,"3,995","+/- 1,774","2,942",+/- 923,Colorado,"35,044","+/- 5,809",476,+/- 556,57,+/- 79,"34,511","+/- 5,839"
2011,Florida,"18,863,948","12,012,112",1.75,"+/- 8,536","15,742,168","+/- 59,355","2,454,255","+/- 53,419","498,597","+/- 22,483","12,635","+/- 3,566",Florida,"7,405","+/- 3,412","8,451","+/- 3,258","3,025","+/- 1,241","22,420","+/- 4,065","9,383","+/- 2,988",Florida,"11,704","+/- 3,121","1,264",+/- 949,891,+/- 495,N/A,N/A,"38,658","+/- 6,270",Florida,"3,639","+/- 2,081",312,+/- 268,"19,152","+/- 3,962","11,472","+/- 3,254","1,846","+/- 1,137",Florida,"2,661","+/- 1,410","5,441","+/- 1,674","6,094","+/- 2,316","4,689","+/- 2,049","15,410","+/- 3,515",Florida,"13,701","+/- 3,380","19,640","+/- 3,920","4,663","+/- 1,888","5,175","+/- 1,968","7,114","+/- 2,753",Florida,559,+/- 424,"3,857","+/- 2,208","3,527","+/- 1,810","4,324","+/- 1,798","25,206","+/- 6,219",Florida,"1,376",+/- 781,"59,288","+/- 7,171","23,983","+/- 5,251",514,+/- 600,"18,191","+/- 3,264",Florida,"2,600","+/- 1,168","3,315","+/- 2,046","20,821","+/- 4,267","5,002","+/- 2,668","11,953","+/- 2,956",Florida,716,"+/- 1,027","10,451","+/- 4,102","25,532","+/- 4,638","2,343","+/- 1,891","2,019","+/- 1,616",Florida,"16,614","+/- 3,087","6,339","+/- 2,687","4,964","+/- 2,202","7,412","+/- 2,467",846,+/- 725,Florida,"168,928","+/- 14,572","21,611","+/- 5,621","2,643","+/- 1,361","144,674","+/- 12,266"
2011,Washington,"6,748,474","6,748,474",#DIV/0!,"+/- 4,248","5,565,069","+/- 27,197","919,925","+/- 27,221","208,507","+/- 13,639","1,821","+/- 1,049",Washington,"5,266","+/- 2,233","12,397","+/- 3,133",756,+/- 565,"38,421","+/- 4,474","3,938","+/- 1,215",Washington,"1,026",+/- 533,0,+/- 201,358,+/- 254,"6,094","+/- 1,777","8,705","+/- 3,348",Washington,"5,940","+/- 2,264","10,895","+/- 4,263","2,062",+/- 821,"2,303","+/- 1,315","1,000",+/- 465,Washington,"2,820","+/- 1,740","1,271",+/- 936,"1,016","+/- 1,018","1,313","+/- 1,689","1,899",+/- 808,Washington,"1,580",+/- 757,"3,720","+/- 1,212","1,543",+/- 898,"1,110",+/- 762,"3,307","+/- 2,181",Washington,"2,125",+/- 934,673,+/- 441,"4,925","+/- 1,696",824,+/- 605,"2,006",+/- 987,Washington,"1,569","+/- 1,254","4,512","+/- 1,322","3,870","+/- 1,452",189,+/- 304,"2,686","+/- 1,217",Washington,765,+/- 573,"29,168","+/- 5,436","2,296","+/- 1,378",463,+/- 319,"1,519","+/- 1,267",Washington,227,+/- 225,"2,342","+/- 1,116","15,491","+/- 4,361","4,789","+/- 1,640",119,+/- 196,Washington,"4,233","+/- 1,698",N/A,N/A,157,+/- 186,"1,491",+/- 892,"1,507",+/- 870,Washington,"54,973","+/- 5,730","1,083","+/- 1,061",362,+/- 321,"53,528","+/- 5,625"
2012,United States,"310,212,755","2,312,436",0.01,"+/- 25,814","263,612,596","+/- 229,733","37,696,597","+/- 211,307","7,070,345","+/- 58,599","109,210","+/- 9,027",United States1,"84,068","+/- 7,600","206,842","+/- 12,859","64,967","+/- 6,563","566,986","+/- 19,755","161,530","+/- 10,348",United States1,"87,023","+/- 5,968","25,149","+/- 3,775","59,513","+/- 6,154","428,325","+/- 18,406","252,262","+/- 12,868",United States1,"61,509","+/- 6,100","55,191","+/- 6,257","277,953","+/- 12,722","144,597","+/- 8,929","73,325","+/- 6,129",United States1,"93,134","+/- 7,286","103,004","+/- 7,490","95,956","+/- 7,745","38,574","+/- 5,351","157,664","+/- 9,686",United States1,"158,156","+/- 10,755","175,733","+/- 9,302","115,946","+/- 8,402","66,947","+/- 7,206","142,754","+/- 9,402",United States1,"33,832","+/- 4,879","48,816","+/- 4,967","98,882","+/- 9,332","38,696","+/- 3,364","219,202","+/- 11,087",United States1,"63,921","+/- 5,867","405,864","+/- 15,692","238,663","+/- 13,414","23,959","+/- 3,373","199,202","+/- 10,288",United States1,"102,572","+/- 9,213","108,182","+/- 7,867","237,156","+/- 10,246","30,498","+/- 3,414","127,418","+/- 8,502",United States1,"22,534","+/- 2,998","163,843","+/- 8,717","402,187","+/- 15,471","82,165","+/- 8,304","20,056","+/- 2,967",United States1,"238,540","+/- 11,611","180,462","+/- 9,674","47,425","+/- 5,262","97,724","+/- 5,859","32,228","+/- 5,150",United States1,"1,833,217","+/- 32,633","74,500","+/- 8,156","15,876","+/- 3,083","1,742,841","+/- 31,206"
2012,Arizona,"6,468,907","66,606",0.01,"+/- 3,874","5,242,674","+/- 32,185","953,789","+/- 28,803","232,457","+/- 14,183","1,331","+/- 1,286",Arizona,"3,717","+/- 1,505",N/A,N/A,"1,214",+/- 659,"44,889","+/- 5,435","13,790","+/- 6,133",Arizona,417,+/- 309,246,+/- 215,36,+/- 60,"5,553","+/- 2,160","2,263",+/- 961,Arizona,"2,491","+/- 1,285","2,934","+/- 1,362","10,744","+/- 2,614","2,930","+/- 1,447","2,702","+/- 1,000",Arizona,"2,498",+/- 852,"1,328",+/- 997,724,+/- 442,616,+/- 593,"3,007","+/- 1,288",Arizona,"1,961","+/- 1,083","9,598","+/- 3,471","8,570","+/- 3,050",293,+/- 215,"2,595","+/- 1,099",Arizona,"1,118",+/- 536,"2,293","+/- 1,037","6,712","+/- 2,202",510,+/- 443,"2,564","+/- 1,085",Arizona,"6,946","+/- 1,907","7,402","+/- 2,615","2,721",+/- 939,877,+/- 444,"7,906","+/- 2,239",Arizona,"1,626",+/- 838,"8,587","+/- 3,200","4,280","+/- 1,395",614,+/- 687,"1,070",+/- 573,Arizona,"1,472",+/- 776,"5,075","+/- 1,919","14,788","+/- 3,541","5,916","+/- 1,789",207,+/- 291,Arizona,"2,763","+/- 1,031","13,247","+/- 2,448",765,+/- 734,"3,765","+/- 1,168","2,786","+/- 1,401",Arizona,"39,987","+/- 4,295","1,791","+/- 1,662",447,+/- 401,"37,749","+/- 4,037"
2012,Colorado,"5,123,944","75,501",0.02,"+/- 2,939","4,131,357","+/- 21,752","751,921","+/- 19,587","205,060","+/- 11,855","3,108","+/- 1,610",Colorado,"3,457","+/- 1,695","10,589","+/- 2,218","1,043",+/- 580,"22,152","+/- 4,260",N/A,N/A,Colorado,"1,317",+/- 677,70,+/- 133,488,+/- 387,"8,615","+/- 1,907","5,834","+/- 2,086",Colorado,"2,536","+/- 1,020","2,660","+/- 1,468","6,374","+/- 1,617","4,336","+/- 2,128","2,776","+/- 1,486",Colorado,"5,283","+/- 1,843","2,500","+/- 2,135","5,048","+/- 2,468",20,+/- 40,"2,844","+/- 1,196",Colorado,"5,939","+/- 2,238","3,343","+/- 1,293","2,992",+/- 909,835,+/- 522,"3,771","+/- 1,262",Colorado,"2,021",+/- 923,"4,472","+/- 1,729","3,789","+/- 1,433",679,+/- 308,"2,464","+/- 1,179",Colorado,"6,520","+/- 1,851","7,250","+/- 2,604","4,378","+/- 1,678","1,918","+/- 1,071","4,533","+/- 2,214",Colorado,"4,582","+/- 2,102","2,419",+/- 836,"3,950","+/- 1,530",137,+/- 153,"2,383","+/- 1,479",Colorado,756,+/- 553,"2,535","+/- 1,135","17,355","+/- 3,352","6,398","+/- 2,035",503,+/- 371,Colorado,"3,796","+/- 1,568","4,853","+/- 1,401",837,+/- 429,"3,000","+/- 1,006","5,602","+/- 2,808",Colorado,"35,606","+/- 4,299","1,144",+/- 903,387,+/- 327,"34,075","+/- 4,250"
2012,Florida,"19,114,620","250,672",0.01,"+/- 6,877","16,032,617","+/- 49,245","2,380,288","+/- 44,658","537,148","+/- 19,784","18,599","+/- 4,762",Florida,"10,704","+/- 4,327","6,473","+/- 1,865","3,321","+/- 1,136","20,386","+/- 4,221","8,766","+/- 2,537",Florida,"8,975","+/- 1,882","1,099",+/- 608,780,+/- 481,N/A,N/A,"42,754","+/- 6,205",Florida,"3,177","+/- 2,730","1,268",+/- 923,"22,565","+/- 3,828","13,803","+/- 2,852","3,864","+/- 1,332",Florida,"5,661","+/- 3,133","6,912","+/- 1,607","5,550","+/- 2,266","7,348","+/- 3,032","10,442","+/- 2,378",Florida,"15,159","+/- 2,747","23,400","+/- 3,519","5,460","+/- 2,185","5,490","+/- 3,345","10,666","+/- 3,498",Florida,"1,758","+/- 2,104",945,+/- 713,"1,241",+/- 515,"2,362",+/- 922,"27,606","+/- 4,242",Florida,"2,853","+/- 1,004","53,009","+/- 5,886","23,133","+/- 3,843",239,+/- 203,"22,927","+/- 4,305",Florida,"3,142","+/- 1,301","2,919","+/- 1,736","25,659","+/- 4,174","3,050","+/- 1,458","11,366","+/- 2,719",Florida,"1,070",+/- 762,"16,275","+/- 3,583","28,564","+/- 4,750","2,499","+/- 1,348","2,747","+/- 1,190",Florida,"25,697","+/- 3,965","4,943","+/- 1,710","3,533","+/- 1,587","6,216","+/- 1,993",773,+/- 567,Florida,"164,567","+/- 10,910","21,638","+/- 4,641","2,328","+/- 1,213","140,601","+/- 9,386"
2012,Washington,"6,815,763","67,289",0.01,"+/- 3,864","5,648,199","+/- 25,225","904,695","+/- 24,285","215,494","+/- 12,552","1,507",+/- 730,Washington,"4,328","+/- 1,682","8,362","+/- 2,641","1,413","+/- 1,121","45,597","+/- 5,884","5,195","+/- 2,150",Washington,"2,901","+/- 1,138",100,+/- 164,773,+/- 528,"9,370","+/- 2,417","6,363","+/- 2,288",Washington,"5,239","+/- 2,393","10,604","+/- 2,191","4,298","+/- 1,727","1,089",+/- 521,"1,159",+/- 845,Washington,"2,544","+/- 1,029","1,368",+/- 911,"1,646",+/- 915,532,+/- 655,"1,191",+/- 923,Washington,"2,911","+/- 1,011","3,470","+/- 1,605","2,703","+/- 1,971",615,+/- 444,"2,802","+/- 1,017",Washington,"2,919","+/- 1,013",682,+/- 456,"5,671","+/- 2,919",309,+/- 248,"2,300","+/- 1,441",Washington,872,+/- 527,"5,562","+/- 1,947","4,088","+/- 1,854",217,+/- 200,"3,192","+/- 1,400",Washington,"1,223",+/- 768,"25,525","+/- 4,052","3,397","+/- 1,799",97,+/- 162,"2,727","+/- 1,542",Washington,94,+/- 155,"3,206","+/- 1,819","14,196","+/- 3,417","5,298","+/- 1,995",223,+/- 216,Washington,"3,839","+/- 1,320",N/A,N/A,215,+/- 271,"1,168",+/- 638,394,+/- 495,Washington,"47,375","+/- 5,674","1,025",+/- 878,"1,044",+/- 528,"45,306","+/- 5,353"
2013,United States,"312,432,820","2,220,065",0.01,"+/- 28,736","265,461,391","+/- 215,531","37,860,849","+/- 181,528","7,207,333","+/- 70,975","97,219","+/- 6,480",United States1,"99,931","+/- 9,018","183,178","+/- 10,138","76,963","+/- 7,366","581,679","+/- 20,638","166,348","+/- 9,656",United States1,"91,600","+/- 7,900","24,771","+/- 3,563","57,087","+/- 4,816","423,995","+/- 16,587","270,146","+/- 14,222",United States1,"60,437","+/- 6,639","63,788","+/- 6,755","304,644","+/- 12,194","135,472","+/- 9,568","77,470","+/- 6,772",United States1,"93,983","+/- 6,748","98,713","+/- 6,469","99,711","+/- 9,837","28,840","+/- 3,359","183,316","+/- 10,832",United States1,"155,524","+/- 8,476","166,996","+/- 10,033","119,221","+/- 7,696","72,430","+/- 7,310","138,612","+/- 8,539",United States1,"31,590","+/- 3,927","47,755","+/- 4,407","100,922","+/- 8,543","46,086","+/- 4,872","202,319","+/- 9,001",United States1,"75,597","+/- 8,508","401,440","+/- 15,263","247,090","+/- 13,216","29,808","+/- 3,825","201,515","+/- 10,235",United States1,"100,561","+/- 9,173","111,680","+/- 8,564","247,295","+/- 10,934","36,119","+/- 3,823","128,726","+/- 9,644",United States1,"29,118","+/- 4,515","159,497","+/- 9,420","409,977","+/- 18,230","91,943","+/- 8,829","21,773","+/- 3,992",United States1,"236,420","+/- 9,669","191,053","+/- 10,178","48,627","+/- 4,779","110,198","+/- 8,147","28,150","+/- 4,294",United States1,"1,903,247","+/- 36,322","73,846","+/- 9,838","18,416","+/- 3,666","1,810,985","+/- 33,055"
2013,Arizona,"6,543,362","74,455",0.01,"+/- 4,567","5,321,158","+/- 29,468","941,347","+/- 27,201","236,146","+/- 10,894","2,140","+/- 1,423",Arizona,"4,418","+/- 1,665",N/A,N/A,310,+/- 260,"47,959","+/- 5,024","8,325","+/- 1,749",Arizona,"1,029",+/- 556,534,+/- 371,230,+/- 242,"6,828","+/- 1,804","2,647","+/- 1,272",Arizona,"2,776","+/- 1,195","3,563","+/- 1,466","7,264","+/- 2,229","3,688","+/- 1,236","2,680","+/- 1,173",Arizona,"1,818",+/- 859,885,+/- 540,"1,478",+/- 763,881,+/- 633,"1,812",+/- 852,Arizona,"1,331",+/- 681,"8,099","+/- 2,549","5,618","+/- 1,572",500,+/- 287,"2,768","+/- 1,118",Arizona,"2,087","+/- 1,130","2,749","+/- 1,628","9,442","+/- 2,867",462,+/- 536,"3,817","+/- 1,606",Arizona,"6,526","+/- 1,994","6,846","+/- 2,186","2,583","+/- 1,073",906,+/- 764,"3,692","+/- 1,018",Arizona,"1,701","+/- 1,308","9,331","+/- 1,965","5,726","+/- 2,168",464,+/- 374,"2,045","+/- 1,281",Arizona,"1,508",+/- 725,"3,292","+/- 1,678","17,742","+/- 4,107","9,093","+/- 2,703",306,+/- 279,Arizona,"3,771","+/- 1,476","14,756","+/- 3,227",188,+/- 224,"5,694","+/- 1,918","1,838",+/- 909,Arizona,"44,711","+/- 4,328",376,+/- 194,386,+/- 348,"43,949","+/- 4,314"
2013,Colorado,"5,206,012","82,068",0.02,"+/- 3,835","4,186,643","+/- 26,465","778,520","+/- 23,616","206,543","+/- 11,855","2,926","+/- 1,122",Colorado,"1,606",+/- 759,"8,798","+/- 2,202","1,235",+/- 645,"23,714","+/- 4,175",N/A,N/A,Colorado,861,+/- 473,551,+/- 577,78,+/- 95,"9,448","+/- 2,187","6,671","+/- 2,804",Colorado,"1,363",+/- 673,"2,542","+/- 1,040","7,528","+/- 1,829","2,197",+/- 852,"2,868","+/- 1,288",Colorado,"6,545","+/- 2,428","2,287","+/- 1,084","2,374",+/- 969,881,+/- 763,"2,920","+/- 1,388",Colorado,"2,194",+/- 895,"2,718","+/- 1,356","3,754","+/- 1,395","1,168",+/- 864,"6,317","+/- 2,285",Colorado,"2,636","+/- 1,073","3,457","+/- 1,147","2,498","+/- 1,195",536,+/- 764,"1,426",+/- 640,Colorado,"5,968","+/- 1,603","7,848","+/- 2,055","4,858","+/- 1,748",974,+/- 595,"4,566","+/- 1,308",Colorado,"5,138","+/- 2,017","2,793","+/- 1,542","3,773","+/- 1,418",522,+/- 435,"1,312",+/- 917,Colorado,"1,651","+/- 1,209","2,295",+/- 790,"23,490","+/- 4,241","6,240","+/- 2,073",689,+/- 370,Colorado,"6,980","+/- 2,383","6,173","+/- 2,458",246,+/- 257,"2,623","+/- 1,163","4,307","+/- 1,254",Colorado,"34,306","+/- 4,249",686,+/- 603,507,+/- 474,"33,113","+/- 4,211"
2013,Florida,"19,345,059","230,439",0.01,"+/- 7,799","16,199,361","+/- 50,810","2,442,119","+/- 43,961","529,406","+/- 20,819","10,281","+/- 2,527",Florida,"10,876","+/- 3,781","7,553","+/- 2,339","1,577","+/- 1,000","26,690","+/- 3,726","7,608","+/- 1,872",Florida,"8,709","+/- 2,579","1,969",+/- 862,"1,762",+/- 622,N/A,N/A,"35,386","+/- 5,530",Florida,"1,009",+/- 552,"1,541","+/- 1,065","19,973","+/- 3,120","14,148","+/- 2,901","4,597","+/- 2,873",Florida,"4,171","+/- 1,711","7,592","+/- 2,020","6,856","+/- 3,219","2,995","+/- 1,149","12,022","+/- 2,639",Florida,"19,621","+/- 3,508","19,860","+/- 3,073","5,576","+/- 1,910","6,919","+/- 3,309","10,754","+/- 2,720",Florida,576,+/- 426,"2,228","+/- 1,139","3,508","+/- 1,554","4,987","+/- 1,500","30,914","+/- 4,603",Florida,"2,164",+/- 921,"55,419","+/- 5,760","29,097","+/- 5,326",50,+/- 81,"22,597","+/- 3,639",Florida,"4,386","+/- 2,262","1,816",+/- 979,"28,771","+/- 5,754","3,201","+/- 1,143","11,074","+/- 3,484",Florida,533,+/- 352,"13,232","+/- 3,130","24,226","+/- 6,092","2,129",+/- 891,"1,434",+/- 614,Florida,"18,132","+/- 2,871","6,975","+/- 1,832","4,250","+/- 1,764","7,321","+/- 2,277",341,+/- 398,Florida,"174,173","+/- 11,757","21,245","+/- 7,079","2,688","+/- 1,863","150,240","+/- 9,384"
2013,Washington,"6,888,552","72,789",0.01,"+/- 4,605","5,700,703","+/- 29,511","927,367","+/- 25,300","208,215","+/- 12,437",686,+/- 422,Washington,"3,422","+/- 1,246","10,591","+/- 2,521","2,088","+/- 1,099","37,150","+/- 5,426","5,420","+/- 1,409",Washington,814,+/- 352,0,+/- 189,621,+/- 428,"7,437","+/- 2,151","6,831","+/- 3,407",Washington,"4,546","+/- 1,590","9,196","+/- 2,855","6,827","+/- 2,242","1,521",+/- 805,"1,451",+/- 648,Washington,"1,285",+/- 831,"2,152","+/- 1,653",343,+/- 366,716,+/- 687,"3,312","+/- 1,482",Washington,"2,192","+/- 1,151","2,437",+/- 865,"3,477","+/- 1,320",539,+/- 564,"3,420","+/- 1,023",Washington,"3,134","+/- 1,102","1,353",+/- 756,"3,772","+/- 1,405",297,+/- 281,"2,121",+/- 980,Washington,"1,420",+/- 771,"3,728","+/- 1,076","4,541","+/- 2,144",551,+/- 372,"2,774","+/- 1,096",Washington,"2,372","+/- 1,252","27,560","+/- 4,004","2,266","+/- 1,283",652,+/- 492,"1,947",+/- 885,Washington,"1,483","+/- 1,354","2,054",+/- 949,"13,742","+/- 3,236","5,536","+/- 2,109",167,+/- 212,Washington,"3,592","+/- 1,241",N/A,N/A,89,+/- 117,"4,190","+/- 1,503",400,+/- 325,Washington,"52,267","+/- 5,312",16,+/- 32,366,+/- 498,"51,885","+/- 5,270"
2014,United States,"315,095,393","2,662,573",0.01,"+/- 26,923","268,147,625","+/- 208,630","37,571,394","+/- 185,426","7,334,169","+/- 60,012","111,655","+/- 10,897",United States2,"92,637","+/- 9,491","203,810","+/- 12,009","65,198","+/- 6,104","593,308","+/- 21,701","173,332","+/- 10,357",United States2,"95,501","+/- 7,273","27,179","+/- 3,431","59,138","+/- 5,825","437,516","+/- 20,171","245,570","+/- 13,098",United States2,"60,739","+/- 5,271","56,887","+/- 5,985","323,468","+/- 14,689","136,869","+/- 8,574","76,960","+/- 7,152",United States2,"93,047","+/- 7,502","98,496","+/- 7,763","85,901","+/- 7,457","32,076","+/- 4,506","177,059","+/- 9,996",United States2,"153,736","+/- 8,754","173,337","+/- 10,888","121,319","+/- 6,694","72,543","+/- 7,224","154,226","+/- 9,989",United States2,"35,654","+/- 4,693","43,219","+/- 5,331","103,599","+/- 7,845","41,391","+/- 3,921","208,583","+/- 11,808",United States2,"70,144","+/- 6,507","424,074","+/- 16,390","248,938","+/- 14,394","27,685","+/- 2,886","207,006","+/- 11,104",United States2,"102,615","+/- 8,450","103,111","+/- 7,952","251,844","+/- 11,832","37,876","+/- 4,939","121,524","+/- 9,632",United States2,"31,154","+/- 4,134","160,057","+/- 10,783","435,107","+/- 16,107","79,697","+/- 6,973","20,424","+/- 3,203",United States2,"263,767","+/- 11,696","198,200","+/- 10,661","48,804","+/- 5,827","114,724","+/- 8,326","33,465","+/- 5,146",United States2,"2,042,205","+/- 32,993","83,844","+/- 8,510","16,858","+/- 3,642","1,941,503","+/- 30,408"
2014,Arizona,"6,651,964","108,602",0.02,"+/- 4,638","5,431,241","+/- 29,624","922,129","+/- 25,819","249,730","+/- 12,340",785,+/- 460,Arizona,"3,140","+/- 1,224",N/A,N/A,"1,180",+/- 712,"57,446","+/- 5,971","9,663","+/- 2,082",Arizona,458,+/- 414,500,+/- 411,185,+/- 156,"9,149","+/- 2,118","4,393","+/- 1,724",Arizona,"1,911",+/- 751,"3,825","+/- 1,572","11,858","+/- 2,689","2,431","+/- 1,266","2,739","+/- 1,755",Arizona,"2,355","+/- 1,261","2,366","+/- 1,339","1,454",+/- 771,762,+/- 826,"2,206",+/- 801,Arizona,"2,039","+/- 1,304","9,378","+/- 2,653","4,541","+/- 1,412",950,+/- 923,"6,000","+/- 2,376",Arizona,"1,399",+/- 705,"1,782",+/- 747,"7,013","+/- 1,451",875,+/- 513,"2,923","+/- 1,186",Arizona,"8,522","+/- 2,154","7,309","+/- 1,962","3,932","+/- 1,700","1,408","+/- 1,128","6,908","+/- 2,458",Arizona,"2,124","+/- 1,073","6,548","+/- 2,254","4,292","+/- 1,338","1,650","+/- 1,886","1,027",+/- 628,Arizona,"1,508","+/- 1,539","1,602",+/- 673,"16,411","+/- 3,638","5,118","+/- 2,054",661,+/- 598,Arizona,"3,202","+/- 1,088","13,152","+/- 2,949",32,+/- 55,"5,948","+/- 1,739","2,670","+/- 1,801",Arizona,"48,864","+/- 5,666",679,+/- 633,332,+/- 296,"47,853","+/- 5,605"
2014,Colorado,"5,293,943","87,931",0.02,"+/- 3,847","4,263,998","+/- 25,609","777,699","+/- 21,108","218,728","+/- 12,727","1,004",+/- 584,Colorado,"2,696","+/- 1,588","12,304","+/- 2,860","1,956",+/- 849,"24,506","+/- 3,585",N/A,N/A,Colorado,832,+/- 561,254,+/- 291,"1,323",+/- 922,"9,304","+/- 2,460","5,057","+/- 1,581",Colorado,"2,943","+/- 1,219","1,365",+/- 812,"9,081","+/- 2,519","3,940","+/- 1,477","4,707","+/- 1,764",Colorado,"4,780","+/- 2,163","1,004",+/- 594,"2,066","+/- 1,273",194,+/- 164,"3,091","+/- 1,692",Colorado,"2,565","+/- 1,080","2,858","+/- 1,389","3,673","+/- 1,063",777,+/- 586,"4,900","+/- 1,560",Colorado,"2,733","+/- 1,212","2,896",+/- 950,"3,945","+/- 2,003",369,+/- 296,"2,212","+/- 1,325",Colorado,"7,069","+/- 1,515","9,519","+/- 2,855","4,974","+/- 1,810","1,059",+/- 650,"4,419","+/- 1,697",Colorado,"6,811","+/- 2,272","2,064",+/- 847,"4,244","+/- 1,644",0,+/- 192,"1,590",+/- 734,Colorado,"1,570",+/- 754,"2,297","+/- 1,171","24,431","+/- 4,180","2,926","+/- 1,010",720,+/- 394,Colorado,"7,328","+/- 2,550","8,768","+/- 2,426",110,+/- 153,"4,068","+/- 1,470","5,426","+/- 1,852",Colorado,"33,518","+/- 4,790",342,+/- 385,765,+/- 864,"32,411","+/- 4,654"
2014,Florida,"19,683,763","338,704",0.02,"+/- 7,910","16,504,838","+/- 45,685","2,436,619","+/- 41,459","546,501","+/- 21,034","15,731","+/- 4,507",Florida,"7,883","+/- 2,832","7,902","+/- 2,112","1,911","+/- 1,189","23,239","+/- 4,563","9,260","+/- 3,005",Florida,"12,944","+/- 3,111","1,401",+/- 864,"1,897","+/- 1,633",N/A,N/A,"42,020","+/- 5,617",Florida,"2,180","+/- 1,070",915,+/- 565,"25,095","+/- 4,174","10,599","+/- 2,721","3,728","+/- 1,433",Florida,"2,879",+/- 942,"6,237","+/- 1,472","5,179","+/- 2,444","4,293","+/- 1,418","15,850","+/- 3,397",Florida,"15,606","+/- 3,007","23,791","+/- 4,458","5,399","+/- 1,599","5,623","+/- 2,001","8,481","+/- 1,859",Florida,161,+/- 161,"1,785","+/- 1,199","4,024","+/- 1,291","4,248","+/- 1,497","24,425","+/- 3,109",Florida,"1,336",+/- 873,"58,753","+/- 6,808","25,333","+/- 4,128",730,+/- 520,"27,438","+/- 4,331",Florida,"5,296","+/- 1,951","2,797","+/- 1,096","28,841","+/- 4,324","3,816","+/- 1,561","11,346","+/- 2,435",Florida,693,+/- 620,"13,711","+/- 2,536","25,175","+/- 3,870","2,926","+/- 1,289","2,319",+/- 971,Florida,"25,342","+/- 3,986","4,510","+/- 1,762","3,313","+/- 1,697","7,735","+/- 2,217",405,+/- 354,Florida,"195,805","+/- 13,262","27,596","+/- 4,710","4,398","+/- 2,127","163,811","+/- 11,519"
2014,Washington,"6,979,369","90,817",0.01,"+/- 3,884","5,757,065","+/- 26,180","934,922","+/- 23,276","220,259","+/- 13,044","1,640",+/- 795,Washington,"7,216","+/- 2,559","8,931","+/- 2,149","1,406",+/- 685,"40,085","+/- 5,554","6,779","+/- 2,016",Washington,"1,400",+/- 926,624,+/- 546,372,+/- 329,"7,190","+/- 2,049","4,536","+/- 2,739",Washington,"4,596","+/- 1,481","12,825","+/- 3,332","4,984","+/- 1,545","1,999",+/- 801,"1,943","+/- 1,165",Washington,"2,889","+/- 1,718","1,249",+/- 823,"1,203",+/- 755,745,+/- 425,"1,729",+/- 686,Washington,"2,003","+/- 1,013","2,276",+/- 864,"1,788",+/- 729,485,+/- 540,"2,992",+/- 997,Washington,"4,294","+/- 1,550",675,+/- 435,"4,969","+/- 1,607",91,+/- 118,"2,038","+/- 1,078",Washington,"2,461","+/- 1,620","6,630","+/- 2,509","4,868","+/- 2,231",905,+/- 606,"3,496","+/- 1,709",Washington,"1,876","+/- 1,474","26,582","+/- 3,998","3,117","+/- 1,226",400,+/- 522,"3,177","+/- 1,388",Washington,"1,577","+/- 1,528",967,+/- 480,"12,528","+/- 3,089","4,836","+/- 1,565",690,+/- 557,Washington,"6,427","+/- 2,654",N/A,N/A,258,+/- 251,"2,129",+/- 720,"1,383","+/- 1,026",Washington,"67,123","+/- 6,824",728,+/- 547,"1,034",+/- 614,"65,361","+/- 6,706"
2015,United States,"317,635,720","2,540,327",0.01,"+/- 28,922","270,873,397","+/- 189,370","37,146,496","+/- 176,254","7,530,129","+/- 67,868","100,809","+/- 7,872",United States2,"40,552","+/- 5,584","184,476","+/- 10,448","76,673","+/- 5,961","643,710","+/- 19,315","182,945","+/- 10,538",United States2,"103,343","+/- 7,858","30,881","+/- 3,868","64,736","+/- 6,061","445,320","+/- 18,347","249,302","+/- 12,286",United States2,"60,459","+/- 6,680","55,885","+/- 7,103","337,592","+/- 15,676","141,616","+/- 9,838","81,054","+/- 6,586",United States2,"99,652","+/- 8,681","109,026","+/- 9,770","100,167","+/- 9,039","37,053","+/- 4,804","181,803","+/- 9,295",United States2,"174,793","+/- 9,660","180,337","+/- 10,025","127,471","+/- 7,137","81,358","+/- 7,950","155,529","+/- 10,047",United States2,"32,620","+/- 4,402","53,210","+/- 4,926","99,409","+/- 8,583","41,885","+/- 4,363","227,380","+/- 11,097",United States2,"68,415","+/- 7,552","448,855","+/- 15,975","237,206","+/- 12,969","31,867","+/- 3,992","213,236","+/- 11,251",United States2,"98,771","+/- 8,195","109,240","+/- 6,876","262,887","+/- 11,409","29,918","+/- 3,393","134,555","+/- 10,304",United States2,"25,769","+/- 3,405","176,961","+/- 11,726","445,343","+/- 13,136","84,071","+/- 7,704","22,135","+/- 3,420",United States2,"268,593","+/- 14,659","178,528","+/- 10,174","51,953","+/- 4,620","109,243","+/- 6,234","31,537","+/- 4,780",United States2,"2,085,698","+/- 39,419","89,000","+/- 8,853","20,482","+/- 5,276","1,976,216","+/- 37,433"
2015,Arizona,"6,747,595","95,631",0.01,"+/- 4,243","5,536,087","+/- 26,178","910,911","+/- 24,238","253,281","+/- 12,395",607,+/- 504,Arizona,"2,519","+/- 1,281",N/A,N/A,553,+/- 323,"54,646","+/- 6,120","11,039","+/- 2,566",Arizona,"2,417","+/- 1,098",927,+/- 833,330,+/- 306,"7,833","+/- 2,560","3,671","+/- 1,286",Arizona,"2,069",+/- 842,"2,835","+/- 1,280","11,017","+/- 2,344","4,087","+/- 1,875","3,963","+/- 1,243",Arizona,"2,625","+/- 2,099","3,599","+/- 1,415","1,801","+/- 1,008",780,+/- 584,"2,105",+/- 963,Arizona,"3,030","+/- 1,602","9,069","+/- 2,478","8,499","+/- 2,397",544,+/- 485,"4,069","+/- 1,439",Arizona,"1,798",+/- 918,986,+/- 512,"7,153","+/- 2,481",445,+/- 729,"2,782","+/- 1,200",Arizona,"8,030","+/- 1,919","5,564","+/- 1,315","5,323","+/- 2,232","1,150",+/- 968,"5,147","+/- 2,245",Arizona,"3,906","+/- 1,898","7,163","+/- 1,826","3,910","+/- 1,339",298,+/- 334,842,+/- 539,Arizona,"1,582",+/- 709,"3,253","+/- 1,468","13,025","+/- 2,104","10,165","+/- 3,321",406,+/- 425,Arizona,"3,801","+/- 1,466","14,183","+/- 3,309",0,+/- 201,"5,262","+/- 1,630","2,473","+/- 1,694",Arizona,"47,316","+/- 5,688","1,556","+/- 1,296",105,+/- 121,"45,655","+/- 5,434"
2015,Colorado,"5,393,067","99,124",0.02,"+/- 3,719","4,404,058","+/- 21,899","728,077","+/- 17,761","227,445","+/- 12,112","2,392","+/- 1,368",Colorado,"1,653","+/- 1,107","10,254","+/- 2,666","1,527",+/- 974,"29,029","+/- 4,371",N/A,N/A,Colorado,"2,253","+/- 1,236",77,+/- 123,"1,132",+/- 697,"12,623","+/- 2,350","4,644","+/- 1,398",Colorado,"4,277","+/- 2,037","1,692",+/- 984,"11,398","+/- 3,052","1,982",+/- 927,"2,718","+/- 1,171",Colorado,"6,294","+/- 1,725","1,678",+/- 884,"3,007","+/- 1,366",185,+/- 220,"2,286","+/- 1,007",Colorado,"2,378",+/- 923,"3,739","+/- 1,208","5,443","+/- 2,697",881,+/- 862,"6,798","+/- 2,208",Colorado,910,+/- 485,"4,201","+/- 1,397","3,723","+/- 1,305",583,+/- 426,"3,227","+/- 1,225",Colorado,"6,393","+/- 1,878","5,748","+/- 1,547","3,489","+/- 1,085","1,388","+/- 1,191","3,263",+/- 988,Colorado,"3,072","+/- 1,103","4,836","+/- 1,551","4,870","+/- 1,788",43,+/- 68,"2,410","+/- 1,155",Colorado,732,+/- 339,"2,314","+/- 1,086","25,268","+/- 3,451","4,064","+/- 1,354","1,094",+/- 801,Colorado,"7,686","+/- 3,039","7,368","+/- 2,333","1,232","+/- 1,512","5,916","+/- 2,214","3,275","+/- 1,427",Colorado,"33,487","+/- 3,701",126,+/- 209,325,+/- 326,"33,036","+/- 3,694"
2015,Florida,"20,068,392","384,629",0.02,"+/- 6,492","16,832,374","+/- 48,927","2,438,828","+/- 43,407","584,938","+/- 21,044","15,449","+/- 3,737",Florida,"1,553","+/- 1,395","7,168","+/- 1,949","6,850","+/- 3,104","21,217","+/- 3,130","9,206","+/- 2,120",Florida,"14,887","+/- 2,402","1,685",+/- 946,"1,512",+/- 892,N/A,N/A,"38,654","+/- 4,969",Florida,"2,978","+/- 1,527",846,+/- 576,"26,406","+/- 5,024","13,396","+/- 2,729","3,142","+/- 1,031",Florida,"3,648","+/- 1,682","10,036","+/- 2,738","6,560","+/- 3,205","5,178","+/- 1,920","16,449","+/- 3,351",Florida,"16,651","+/- 2,624","26,138","+/- 4,616","5,433","+/- 1,621","5,415","+/- 2,262","10,480","+/- 2,549",Florida,"1,150","+/- 1,100","1,706","+/- 1,131","6,008","+/- 2,573","5,175","+/- 1,551","29,390","+/- 4,546",Florida,"3,762","+/- 1,525","69,289","+/- 8,181","24,003","+/- 3,844","1,363",+/- 770,"27,403","+/- 3,742",Florida,"2,710","+/- 1,292","1,568","+/- 1,346","28,826","+/- 4,924","2,523","+/- 1,026","13,949","+/- 3,220",Florida,"1,400","+/- 1,054","19,864","+/- 5,112","29,706","+/- 4,860","1,932",+/- 984,"1,480",+/- 663,Florida,"23,377","+/- 4,315","3,819","+/- 1,819","3,479","+/- 1,574","9,195","+/- 3,179",924,+/- 867,Florida,"212,252","+/- 13,881","28,036","+/- 5,779",910,+/- 577,"183,306","+/- 13,613"
2015,Washington,"7,089,143","109,774",0.02,"+/- 3,701","5,778,806","+/- 28,406","1,017,221","+/- 25,445","230,907","+/- 11,515",580,+/- 432,Washington,"3,911","+/- 1,177","9,860","+/- 2,142","1,146",+/- 888,"45,609","+/- 4,896","7,258","+/- 2,518",Washington,586,+/- 371,39,+/- 76,407,+/- 378,"10,822","+/- 2,876","5,415","+/- 2,268",Washington,"4,386","+/- 1,465","10,311","+/- 2,337","5,794","+/- 3,254","1,611",+/- 678,"1,002",+/- 886,Washington,"2,728","+/- 1,452",875,+/- 715,632,+/- 408,655,+/- 703,"3,844","+/- 1,756",Washington,"2,600",+/- 926,"2,578","+/- 1,069","3,503","+/- 1,494",916,+/- 670,"2,535","+/- 1,112",Washington,"4,936","+/- 1,591",301,+/- 341,"4,820","+/- 1,970",681,+/- 596,"3,214","+/- 1,334",Washington,878,+/- 610,"4,983","+/- 1,580","3,105","+/- 1,568","1,283","+/- 1,032","2,654","+/- 1,136",Washington,"3,736","+/- 2,047","32,570","+/- 5,221","2,857","+/- 1,096",116,+/- 157,"2,469",+/- 880,Washington,457,+/- 323,"2,794","+/- 1,521","12,829","+/- 2,473","5,827","+/- 1,917",180,+/- 156,Washington,"5,901","+/- 1,828",N/A,N/A,"1,098",+/- 614,"2,860","+/- 1,167",755,+/- 562,Washington,"62,209","+/- 7,091",683,+/- 523,672,+/- 426,"60,854","+/- 7,056"
2016,United States,"319,361,956","1,726,236",0.01,"+/- 30,974","272,660,098","+/- 208,903","36,952,658","+/- 198,593","7,552,536","+/- 73,712","99,892","+/- 7,271",United States2,"42,074","+/- 4,504","192,103","+/- 11,736","72,033","+/- 6,995","657,690","+/- 18,597","193,179","+/- 11,032",United States2,"112,914","+/- 9,320","28,742","+/- 4,020","59,972","+/- 5,669","433,452","+/- 14,337","258,942","+/- 15,064",United States2,"64,119","+/- 6,040","55,772","+/- 4,979","345,528","+/- 14,879","137,409","+/- 7,537","76,999","+/- 6,375",United States2,"92,821","+/- 7,545","103,370","+/- 8,375","92,190","+/- 8,198","32,973","+/- 3,936","186,118","+/- 10,688",United States2,"176,873","+/- 8,438","156,354","+/- 9,660","121,583","+/- 8,586","77,509","+/- 6,994","159,177","+/- 11,968",United States2,"31,479","+/- 4,671","47,456","+/- 5,284","88,563","+/- 8,182","45,628","+/- 4,655","226,830","+/- 11,598",United States2,"65,578","+/- 7,115","450,136","+/- 16,495","256,563","+/- 13,176","37,658","+/- 4,510","212,041","+/- 11,667",United States2,"105,685","+/- 7,270","107,169","+/- 8,047","257,792","+/- 13,407","35,606","+/- 4,619","127,686","+/- 9,009",United States2,"29,654","+/- 4,035","182,813","+/- 11,834","444,340","+/- 17,603","85,803","+/- 7,290","23,693","+/- 3,631",United States2,"275,671","+/- 12,730","192,362","+/- 9,698","51,476","+/- 4,475","113,882","+/- 7,025","27,184","+/- 3,871",United States2,"2,196,664","+/- 37,386","88,676","+/- 7,958","16,060","+/- 2,338","2,091,928","+/- 36,976"
2016,Arizona,"6,851,836","104,241",0.02,"+/- 4,173","5,586,753","+/- 30,225","938,077","+/- 26,500","273,257","+/- 14,805",894,+/- 543,Arizona,"1,946",+/- 783,N/A,N/A,"1,205",+/- 682,"64,756","+/- 7,190","11,895","+/- 2,441",Arizona,"1,596",+/- 667,420,+/- 442,276,+/- 261,"9,306","+/- 2,332","4,242","+/- 1,809",Arizona,"2,339",+/- 901,"2,775","+/- 1,713","13,387","+/- 2,828","5,443","+/- 2,046","2,649","+/- 1,177",Arizona,"3,383","+/- 1,783","1,105",+/- 772,679,+/- 426,355,+/- 297,"1,467",+/- 798,Arizona,"4,028","+/- 1,264","6,525","+/- 1,637","5,461","+/- 1,594",568,+/- 535,"3,708","+/- 1,154",Arizona,"2,414",+/- 961,"1,312",+/- 547,"7,350","+/- 1,927",224,+/- 202,"3,971","+/- 1,466",Arizona,"9,453","+/- 2,285","3,029",+/- 879,"4,605","+/- 1,843","1,662",+/- 763,"3,839","+/- 1,060",Arizona,"7,494","+/- 3,265","9,279","+/- 3,360","4,651","+/- 1,683",51,+/- 98,"1,768","+/- 1,133",Arizona,"2,408","+/- 1,144","1,834",+/- 867,"14,923","+/- 4,007","9,979","+/- 3,029",817,+/- 575,Arizona,"8,809","+/- 3,131","13,897","+/- 3,010","1,419","+/- 1,387","6,736","+/- 1,752",925,+/- 683,Arizona,"53,749","+/- 6,106","1,462",+/- 917,151,+/- 253,"52,136","+/- 6,088"
2016,Colorado,"5,476,928","83,861",0.02,"+/- 3,255","4,466,067","+/- 27,786","754,712","+/- 24,804","223,260","+/- 12,315","2,328","+/- 1,640",Colorado,"1,698",+/- 894,"13,015","+/- 2,851",808,+/- 631,"26,909","+/- 4,141",N/A,N/A,Colorado,"2,882","+/- 1,331",0,+/- 195,"1,360",+/- 816,"13,546","+/- 2,611","6,128","+/- 2,280",Colorado,"2,795","+/- 2,376","1,565",+/- 686,"11,369","+/- 2,210","2,672","+/- 1,019","3,243","+/- 1,073",Colorado,"4,634","+/- 1,585","1,736",+/- 812,"3,361","+/- 1,402",390,+/- 353,"3,467","+/- 1,447",Colorado,"2,196","+/- 1,490","4,285","+/- 1,866","3,725","+/- 1,302","1,319","+/- 1,257","6,246","+/- 2,132",Colorado,"1,334",+/- 599,"3,050","+/- 1,041","4,366","+/- 2,474","1,360",+/- 827,"2,731","+/- 1,048",Colorado,"5,073","+/- 1,731","8,612","+/- 2,369","6,059","+/- 2,072","1,801",+/- 704,"3,674","+/- 1,119",Colorado,"3,828","+/- 1,353","3,473","+/- 1,314","4,586","+/- 1,581",63,+/- 126,"1,945","+/- 1,111",Colorado,"1,735","+/- 1,283","4,035","+/- 1,575","20,725","+/- 3,591","3,642","+/- 1,659",647,+/- 441,Colorado,"7,148","+/- 1,776","4,487","+/- 1,772",309,+/- 316,"3,243","+/- 1,362","3,657","+/- 1,297",Colorado,"32,889","+/- 4,669",751,+/- 643,614,+/- 891,"31,524","+/- 4,521"
2016,Florida,"20,401,575","333,183",0.02,"+/- 7,828","17,176,492","+/- 49,542","2,387,227","+/- 43,437","605,018","+/- 21,606","11,353","+/- 2,540",Florida,"1,852",+/- 794,"10,312","+/- 3,126","4,136","+/- 1,736","28,420","+/- 4,643","9,880","+/- 2,134",Florida,"15,285","+/- 3,533","3,143","+/- 1,203","1,752",+/- 783,N/A,N/A,"39,578","+/- 5,579",Florida,"1,326",+/- 879,885,+/- 624,"23,319","+/- 4,696","14,370","+/- 2,966","6,630","+/- 2,796",Florida,"2,392","+/- 1,383","8,588","+/- 2,333","5,375","+/- 2,081","2,859","+/- 1,280","17,648","+/- 3,907",Florida,"19,882","+/- 3,530","19,530","+/- 3,271","6,778","+/- 2,538","6,621","+/- 2,649","11,656","+/- 2,950",Florida,677,+/- 535,"1,870","+/- 1,502","4,273","+/- 1,653","5,292","+/- 1,776","33,966","+/- 5,116",Florida,"3,091","+/- 1,381","60,472","+/- 6,197","28,726","+/- 5,060","1,127",+/- 982,"29,655","+/- 4,691",Florida,"3,124","+/- 1,309","1,258",+/- 575,"30,258","+/- 5,198","4,894","+/- 1,953","15,904","+/- 3,531",Florida,535,+/- 527,"18,647","+/- 3,642","31,153","+/- 3,748","3,531","+/- 2,094","1,627",+/- 754,Florida,"29,485","+/- 5,769","6,152","+/- 2,105","3,979","+/- 1,674","11,298","+/- 3,052",454,+/- 351,Florida,"232,838","+/- 15,743","24,132","+/- 4,560","1,117",+/- 686,"207,589","+/- 13,902"
2016,Washington,"7,202,119","112,976",0.02,"+/- 4,069","5,924,723","+/- 30,369","958,326","+/- 27,224","257,728","+/- 13,383","1,465",+/- 791,Washington,"5,374","+/- 1,929","12,801","+/- 2,996",823,+/- 886,"51,485","+/- 5,064","13,012","+/- 4,416",Washington,"1,309",+/- 547,277,+/- 225,748,+/- 637,"9,093","+/- 2,333","2,804",+/- 968,Washington,"4,497","+/- 1,154","11,619","+/- 2,489","7,422","+/- 1,929","1,296",+/- 950,784,+/- 483,Washington,"2,568","+/- 1,293","2,042","+/- 1,655","1,109","+/- 1,000",266,+/- 288,"2,733","+/- 1,845",Washington,"4,715","+/- 1,636","4,472","+/- 1,531","4,153","+/- 1,498",689,+/- 509,"3,327","+/- 1,851",Washington,"4,707","+/- 1,603","1,428","+/- 1,105","3,551","+/- 1,318",785,+/- 513,"3,287","+/- 1,572",Washington,"2,232","+/- 1,150","7,083","+/- 1,386","7,250","+/- 2,296","2,021",+/- 897,"2,834","+/- 1,636",Washington,"2,041",+/- 932,"32,384","+/- 3,908","1,556",+/- 669,373,+/- 312,"1,374",+/- 786,Washington,"1,156","+/- 1,021","3,672","+/- 2,014","16,005","+/- 3,753","5,404","+/- 2,076",743,+/- 611,Washington,"3,834","+/- 1,271",N/A,N/A,319,+/- 441,"1,940",+/- 888,866,+/- 517,Washington,"61,342","+/- 6,594",480,+/- 782,893,+/- 514,"59,969","+/- 6,397"
